{
  "1": {
    "a": 22524,
    "b": 8883,
    "c": 61,
    "result": [
      "(-0.006990975116968451+0j)",
      "(-0.38738835359906776+0j)"
    ]
  },
  "2": {
    "a": 8859,
    "b": 4,
    "c": 48,
    "result": "нет действительных корней"
  },
  "3": {
    "a": 27,
    "b": 775,
    "c": 515,
    "result": [
      "(-0.6806566771998064+0j)",
      "(-28.023047026503896+0j)"
    ]
  },
  "4": {
    "a": 26,
    "b": 48,
    "c": 46874,
    "result": "нет действительных корней"
  },
  "5": {
    "a": 49,
    "b": 774,
    "c": 34,
    "result": [
      "(-0.04405049334916129+0j)",
      "(-15.751867873997776+0j)"
    ]
  },
  "6": {
    "a": 715,
    "b": 8456,
    "c": 91884,
    "result": "нет действительных корней"
  },
  "7": {
    "a": 3115,
    "b": 7624,
    "c": 94933,
    "result": "нет действительных корней"
  },
  "8": {
    "a": 8681,
    "b": 373,
    "c": 24487,
    "result": "нет действительных корней"
  },
  "9": {
    "a": 2,
    "b": 993,
    "c": 3961,
    "result": [
      "(-4.0214953163738585+0j)",
      "(-492.47850468362617+0j)"
    ]
  },
  "10": {
    "a": 12,
    "b": 7,
    "c": 1,
    "result": [
      "(-0.25+0j)",
      "(-0.3333333333333333+0j)"
    ]
  },
  "11": {
    "a": 4734,
    "b": 9732,
    "c": 26,
    "result": [
      "(-0.0026750798140383696+0j)",
      "(-2.053091713595341+0j)"
    ]
  },
  "12": {
    "a": 74,
    "b": 8,
    "c": 6,
    "result": "нет действительных корней"
  },
  "13": {
    "a": 1,
    "b": 22,
    "c": 486,
    "result": "нет действительных корней"
  },
  "14": {
    "a": 83,
    "b": 76,
    "c": 633,
    "result": "нет действительных корней"
  },
  "15": {
    "a": 9878,
    "b": 673,
    "c": 5264,
    "result": "нет действительных корней"
  },
  "16": {
    "a": 2,
    "b": 141,
    "c": 2146,
    "result": [
      "(-22.228383356894582+0j)",
      "(-48.27161664310542+0j)"
    ]
  },
  "17": {
    "a": 71,
    "b": 624,
    "c": 87,
    "result": [
      "(-0.14170795059551422+0j)",
      "(-8.647024443770684+0j)"
    ]
  },
  "18": {
    "a": 32795,
    "b": 2947,
    "c": 9,
    "result": [
      "(-0.0031654599172422997+0j)",
      "(-0.08669579942107147+0j)"
    ]
  },
  "19": {
    "a": 37,
    "b": 8,
    "c": 85318,
    "result": "нет действительных корней"
  },
  "20": {
    "a": 64,
    "b": 1,
    "c": 98911,
    "result": "нет действительных корней"
  },
  "21": {
    "a": 52,
    "b": 241,
    "c": 6,
    "result": [
      "(-0.025031459947423847+0j)",
      "(-4.609583924667961+0j)"
    ]
  },
  "22": {
    "a": 7,
    "b": 5963,
    "c": 7297,
    "result": [
      "(-1.2254758573770101+0j)",
      "(-850.6316669997658+0j)"
    ]
  },
  "23": {
    "a": 41,
    "b": 8279,
    "c": 4,
    "result": [
      "(-0.0004831512949350304+0j)",
      "(-201.92634611699776+0j)"
    ]
  },
  "24": {
    "a": 785,
    "b": 3,
    "c": 7517,
    "result": "нет действительных корней"
  },
  "25": {
    "a": 798,
    "b": 7423,
    "c": 31,
    "result": [
      "(-0.004178085707577169+0j)",
      "(-9.29782692682375+0j)"
    ]
  },
  "26": {
    "a": 926,
    "b": 752,
    "c": 598,
    "result": "нет действительных корней"
  },
  "27": {
    "a": 6615,
    "b": 52,
    "c": 2547,
    "result": "нет действительных корней"
  },
  "28": {
    "a": 44775,
    "b": 73431,
    "c": 4,
    "result": [
      "(-5.447471598600698e-05+0j)",
      "(-1.639945525284014+0j)"
    ]
  },
  "29": {
    "a": 36,
    "b": 2,
    "c": 7356,
    "result": "нет действительных корней"
  },
  "30": {
    "a": 155,
    "b": 332,
    "c": 4678,
    "result": "нет действительных корней"
  },
  "31": {
    "a": 46,
    "b": 8,
    "c": 7,
    "result": "нет действительных корней"
  },
  "32": {
    "a": 3,
    "b": 58,
    "c": 11478,
    "result": "нет действительных корней"
  },
  "33": {
    "a": 83,
    "b": 85,
    "c": 53,
    "result": "нет действительных корней"
  },
  "34": {
    "a": 7,
    "b": 4,
    "c": 94665,
    "result": "нет действительных корней"
  },
  "35": {
    "a": 242,
    "b": 45,
    "c": 331,
    "result": "нет действительных корней"
  },
  "36": {
    "a": 98658,
    "b": 53,
    "c": 3952,
    "result": "нет действительных корней"
  },
  "37": {
    "a": 54,
    "b": 31,
    "c": 66359,
    "result": "нет действительных корней"
  },
  "38": {
    "a": 34362,
    "b": 93,
    "c": 61,
    "result": "нет действительных корней"
  },
  "39": {
    "a": 3368,
    "b": 666,
    "c": 99,
    "result": "нет действительных корней"
  },
  "40": {
    "a": 2,
    "b": 1927,
    "c": 85712,
    "result": [
      "(-46.74762931680476+0j)",
      "(-916.7523706831953+0j)"
    ]
  },
  "41": {
    "a": 712,
    "b": 89192,
    "c": 46632,
    "result": [
      "(-0.5250276444924086+0j)",
      "(-124.74463527685592+0j)"
    ]
  },
  "42": {
    "a": 77,
    "b": 342,
    "c": 2636,
    "result": "нет действительных корней"
  },
  "43": {
    "a": 2467,
    "b": 39743,
    "c": 87,
    "result": [
      "(-0.002189362279868612+0j)",
      "(-16.107660657987662+0j)"
    ]
  },
  "44": {
    "a": 538,
    "b": 38,
    "c": 2279,
    "result": "нет действительных корней"
  },
  "45": {
    "a": 4637,
    "b": 45354,
    "c": 42667,
    "result": [
      "(-1.054427281582101+0j)",
      "(-8.726465537050636+0j)"
    ]
  },
  "46": {
    "a": 61732,
    "b": 28574,
    "c": 5,
    "result": [
      "(-0.00017505045260539747+0j)",
      "(-0.46269671783612654+0j)"
    ]
  },
  "47": {
    "a": 93529,
    "b": 5,
    "c": 97,
    "result": "нет действительных корней"
  },
  "48": {
    "a": 8437,
    "b": 1676,
    "c": 21,
    "result": [
      "(-0.013439010284823435+0j)",
      "(-0.1852097985334769+0j)"
    ]
  },
  "49": {
    "a": 43,
    "b": 87575,
    "c": 688,
    "result": [
      "(-0.007856153627366184+0j)",
      "(-2036.620050823117+0j)"
    ]
  },
  "50": {
    "a": 5314,
    "b": 8,
    "c": 82965,
    "result": "нет действительных корней"
  },
  "51": {
    "a": 545,
    "b": 5,
    "c": 9,
    "result": "нет действительных корней"
  },
  "52": {
    "a": 88287,
    "b": 22,
    "c": 539,
    "result": "нет действительных корней"
  },
  "53": {
    "a": 5,
    "b": 7,
    "c": 3,
    "result": "нет действительных корней"
  },
  "54": {
    "a": 19134,
    "b": 8,
    "c": 1755,
    "result": "нет действительных корней"
  },
  "55": {
    "a": 9,
    "b": 2433,
    "c": 85869,
    "result": [
      "(-41.73740049285056+0j)",
      "(-228.59593284048276+0j)"
    ]
  },
  "56": {
    "a": 22281,
    "b": 61,
    "c": 9,
    "result": "нет действительных корней"
  },
  "57": {
    "a": 88,
    "b": 94,
    "c": 2,
    "result": [
      "(-0.021718167382022893+0j)",
      "(-1.0464636507997953+0j)"
    ]
  },
  "58": {
    "a": 222,
    "b": 36,
    "c": 3547,
    "result": "нет действительных корней"
  },
  "59": {
    "a": 538,
    "b": 5412,
    "c": 792,
    "result": [
      "(-0.14853467321529606+0j)",
      "(-9.91094488068805+0j)"
    ]
  },
  "60": {
    "a": 5821,
    "b": 81152,
    "c": 91627,
    "result": [
      "(-1.2392339611872674+0j)",
      "(-12.702013247196172+0j)"
    ]
  },
  "61": {
    "a": 9,
    "b": 89,
    "c": 8,
    "result": [
      "(-0.0907198977371798+0j)",
      "(-9.798168991151709+0j)"
    ]
  },
  "62": {
    "a": 7539,
    "b": 845,
    "c": 22,
    "result": [
      "(-0.04112422883353067+0j)",
      "(-0.07095960191325272+0j)"
    ]
  },
  "63": {
    "a": 4,
    "b": 4397,
    "c": 27,
    "result": [
      "(-0.006140584677496008+0j)",
      "(-1099.2438594153225+0j)"
    ]
  },
  "64": {
    "a": 7,
    "b": 3,
    "c": 12448,
    "result": "нет действительных корней"
  },
  "65": {
    "a": 58,
    "b": 584,
    "c": 72887,
    "result": "нет действительных корней"
  },
  "66": {
    "a": 1,
    "b": 3,
    "c": 6,
    "result": "нет действительных корней"
  },
  "67": {
    "a": 82,
    "b": 396,
    "c": 56446,
    "result": "нет действительных корней"
  },
  "68": {
    "a": 4,
    "b": 69163,
    "c": 6,